model,task,seed,total_steps,json_valid_count,json_valid_pct,last_50_valid_pct,last_100_valid_pct,avg_reward,max_reward,min_reward,reward_std,first_10_avg_reward,last_10_avg_reward,reward_improvement,avg_latency_ms,p50_latency_ms,p95_latency_ms,avg_tokens_out,total_tokens_out,learning_detected,run_dir,started_at
gemma-2-9b,Mixed,123,1000,730,73.0,82.0,80.0,1.46,2.0,0.0,0.8883632079218439,1.4,1.8,0.40000000000000013,3272.694989,2577.105,6825.047,61.231,61231,True,/home/maloney/Documents/GitHub/agentops-fw/out/p2_training_20260124/gemma-2-9b/Mixed/seed_123,2026-01-30T05:03:34.275648
gemma-2-9b,Mixed,42,1000,711,71.1,82.0,79.0,1.422,2.0,0.0,0.9070494687384689,1.6,2.0,0.3999999999999999,3353.548029,2570.9755,6851.451,62.486,62486,True,/home/maloney/Documents/GitHub/agentops-fw/out/p2_training_20260124/gemma-2-9b/Mixed/seed_42,2026-01-30T05:02:40.337978
gemma-2-9b,Mixed,456,1000,733,73.3,82.0,81.0,1.466,2.0,0.0,0.8852274440095199,1.4,1.8,0.40000000000000013,3284.308199,2559.0789999999997,6825.111,61.445,61445,True,/home/maloney/Documents/GitHub/agentops-fw/out/p2_training_20260124/gemma-2-9b/Mixed/seed_456,2026-01-30T05:04:29.436234
gemma-2-9b,T1,123,1000,994,99.4,100.0,100.0,1.988,2.0,0.0,0.15453116151728066,1.8,2.0,0.19999999999999996,2619.129763,2616.1665000000003,2807.046,46.851,46851,True,/home/maloney/Documents/GitHub/agentops-fw/out/p2_training_20260124/gemma-2-9b/T1/seed_123,2026-01-29T18:47:55.173356
gemma-2-9b,T1,42,1000,994,99.4,100.0,100.0,1.988,2.0,0.0,0.15453116151728066,2.0,2.0,0.0,2620.081624,2595.3985000000002,2920.564,46.461,46461,False,/home/maloney/Documents/GitHub/agentops-fw/out/p2_training_20260124/gemma-2-9b/T1/seed_42,2026-01-29T18:00:21.210935
gemma-2-9b,T1,456,1000,995,99.5,100.0,100.0,1.99,2.0,0.0,0.14113794642093924,1.8,2.0,0.19999999999999996,2878.065219,2878.7555,3116.9,53.23,53230,True,/home/maloney/Documents/GitHub/agentops-fw/out/p2_training_20260124/gemma-2-9b/T1/seed_456,2026-01-29T19:35:20.407784
gemma-2-9b,T2,123,1000,977,97.7,100.0,100.0,1.954,2.0,0.0,0.29995662015360486,0.8,2.0,1.2,4598.361567,4521.7515,6098.258,87.268,87268,True,/home/maloney/Documents/GitHub/agentops-fw/out/p2_training_20260124/gemma-2-9b/T2/seed_123,2026-01-29T21:46:00.923991
gemma-2-9b,T2,42,1000,984,98.4,100.0,100.0,1.968,2.0,0.0,0.2510757635436743,1.2,2.0,0.8,4520.470492,4426.1825,5789.623,85.432,85432,True,/home/maloney/Documents/GitHub/agentops-fw/out/p2_training_20260124/gemma-2-9b/T2/seed_42,2026-01-29T20:27:00.501446
gemma-2-9b,T2,456,1000,986,98.6,100.0,100.0,1.972,2.0,0.0,0.23509842890004873,1.6,2.0,0.3999999999999999,4786.304798,4684.290999999999,6054.575,90.167,90167,True,/home/maloney/Documents/GitHub/agentops-fw/out/p2_training_20260124/gemma-2-9b/T2/seed_456,2026-01-29T23:06:20.630810
gemma-2-9b,T3,123,1000,914,91.4,100.0,100.0,1.828,2.0,0.0,0.5610086725984998,0.0,2.0,2.0,2532.565778,2479.7075,2844.882,48.166,48166,True,/home/maloney/Documents/GitHub/agentops-fw/out/p2_training_20260124/gemma-2-9b/T3/seed_123,2026-01-30T01:17:49.716034
gemma-2-9b,T3,42,1000,949,94.89999999999999,100.0,100.0,1.898,2.0,0.0,0.44021561738515114,0.4,2.0,1.6,2664.68775,2706.5715,3081.448,50.106,50106,True,/home/maloney/Documents/GitHub/agentops-fw/out/p2_training_20260124/gemma-2-9b/T3/seed_42,2026-01-30T00:29:49.070012
gemma-2-9b,T3,456,1000,835,83.5,100.0,100.0,1.67,2.0,0.0,0.7427325572853607,0.0,2.0,2.0,3099.554305,3070.1054999999997,3538.41,59.043,59043,True,/home/maloney/Documents/GitHub/agentops-fw/out/p2_training_20260124/gemma-2-9b/T3/seed_456,2026-01-30T02:03:38.390115
gemma-2-9b,T4,123,1000,989,98.9,100.0,99.0,1.978,2.0,0.0,0.20870927042074475,2.0,2.0,0.0,2144.242511,2038.848,3208.415,40.254,40254,False,/home/maloney/Documents/GitHub/agentops-fw/out/p2_training_20260124/gemma-2-9b/T4/seed_123,2026-01-30T03:37:16.475452
gemma-2-9b,T4,42,1000,993,99.3,100.0,99.0,1.986,2.0,0.0,0.16682875001579264,2.0,2.0,0.0,2076.515586,1979.901,3149.952,38.934,38934,False,/home/maloney/Documents/GitHub/agentops-fw/out/p2_training_20260124/gemma-2-9b/T4/seed_42,2026-01-30T02:58:58.190313
gemma-2-9b,T4,456,1000,991,99.1,100.0,100.0,1.982,2.0,0.0,0.18897542621121857,2.0,2.0,0.0,2446.42716,2335.937,3457.429,45.837,45837,False,/home/maloney/Documents/GitHub/agentops-fw/out/p2_training_20260124/gemma-2-9b/T4/seed_456,2026-01-30T04:16:45.547287
gemma-2-9b,T5,123,1000,7,0.7000000000000001,0.0,0.0,0.014,2.0,0.0,0.16682875001579264,0.0,0.0,0.0,5531.60586,6821.026,6962.481,102.902,102902,False,/home/maloney/Documents/GitHub/agentops-fw/out/p2_training_20260124/gemma-2-9b/T5/seed_123,2026-01-30T05:01:45.077804
gemma-2-9b,T5,42,1000,24,2.4,34.0,21.0,0.048,2.0,0.0,0.3062511874095998,0.0,1.0,1.0,5303.413507,6755.2765,6899.353,99.363,99363,True,/home/maloney/Documents/GitHub/agentops-fw/out/p2_training_20260124/gemma-2-9b/T5/seed_42,2026-01-30T05:01:16.759603
gemma-2-9b,T5,456,1000,338,33.800000000000004,98.0,97.0,0.676,2.0,0.0,0.9465304643380053,0.0,2.0,2.0,3761.492477,3389.126,6799.445,70.67,70670,True,/home/maloney/Documents/GitHub/agentops-fw/out/p2_training_20260124/gemma-2-9b/T5/seed_456,2026-01-30T05:02:12.963523
gemma-3-12b,Mixed,123,10,8,80.0,80.0,80.0,1.6,2.0,0.0,0.8432740427115678,1.6,1.6,0,5431.7848,5393.9115,8404.615,85,850,False,/home/maloney/Documents/GitHub/agentops-fw/out/p2_training_20260124/gemma-3-12b/Mixed/seed_123,2026-01-30T23:21:31.375045
gemma-3-12b,Mixed,42,10,7,70.0,70.0,70.0,1.4,2.0,0.0,0.9660917830792959,1.4,1.4,0,5729.3347,5578.259,8516.461,89.3,893,False,/home/maloney/Documents/GitHub/agentops-fw/out/p2_training_20260124/gemma-3-12b/Mixed/seed_42,2026-01-30T23:20:06.280397
gemma-3-12b,Mixed,456,10,7,70.0,70.0,70.0,1.4,2.0,0.0,0.9660917830792959,1.4,1.4,0,5589.9710000000005,5108.92,8402.493,87.1,871,False,/home/maloney/Documents/GitHub/agentops-fw/out/p2_training_20260124/gemma-3-12b/Mixed/seed_456,2026-01-30T23:22:52.940119
gemma-3-12b,T1,123,1000,999,99.9,100.0,100.0,1.998,2.0,0.0,0.06324555320336758,2.0,2.0,0.0,4652.066212,4545.6265,5440.416,73.033,73033,False,/home/maloney/Documents/GitHub/agentops-fw/out/p2_training_20260124/gemma-3-12b/T1/seed_123,2026-01-30T06:43:13.570823
gemma-3-12b,T1,42,1000,1000,100.0,100.0,100.0,2.0,2.0,2.0,0.0,2.0,2.0,0.0,5564.381542,5506.6025,5933.931,86.692,86692,False,/home/maloney/Documents/GitHub/agentops-fw/out/p2_training_20260124/gemma-3-12b/T1/seed_42,2026-01-30T05:05:25.067156
gemma-3-12b,T1,456,1000,999,99.9,100.0,100.0,1.998,2.0,0.0,0.06324555320336758,2.0,2.0,0.0,5478.362131,5449.921,5834.855,85.518,85518,False,/home/maloney/Documents/GitHub/agentops-fw/out/p2_training_20260124/gemma-3-12b/T1/seed_456,2026-01-30T08:05:40.254660
gemma-3-12b,T3,123,1000,916,91.60000000000001,100.0,100.0,1.832,2.0,0.0,0.5550532263522878,0.2,2.0,1.8,3671.1526,3714.8985000000002,4023.747,57.088,57088,True,/home/maloney/Documents/GitHub/agentops-fw/out/p2_training_20260124/gemma-3-12b/T3/seed_123,2026-01-30T16:44:40.724951
gemma-3-12b,T3,42,1000,905,90.5,100.0,100.0,1.81,2.0,0.0,0.5867233114886814,0.0,2.0,2.0,3494.883255,3597.371,3973.064,54.35,54350,True,/home/maloney/Documents/GitHub/agentops-fw/out/p2_training_20260124/gemma-3-12b/T3/seed_42,2026-01-30T15:41:49.369006
gemma-3-12b,T3,456,1000,894,89.4,100.0,100.0,1.788,2.0,0.0,0.6159833077571465,0.0,2.0,2.0,3549.404569,3653.5665,3959.337,55.462,55462,True,/home/maloney/Documents/GitHub/agentops-fw/out/p2_training_20260124/gemma-3-12b/T3/seed_456,2026-01-30T17:50:30.370866
gemma-3-12b,T4,42,1000,995,99.5,100.0,99.0,1.99,2.0,0.0,0.14113794642093924,2.0,2.0,0.0,5196.256982,3710.7825000000003,8270.239,80.888,80888,False,/home/maloney/Documents/GitHub/agentops-fw/out/p2_training_20260124/gemma-3-12b/T4/seed_42,2026-01-30T18:54:16.786706
gemma-3-12b,T4,456,1000,995,99.5,100.0,99.0,1.99,2.0,0.0,0.14113794642093924,2.0,2.0,0.0,2894.570476,2724.2635,4367.047,44.886,44886,False,/home/maloney/Documents/GitHub/agentops-fw/out/p2_training_20260124/gemma-3-12b/T4/seed_456,2026-01-30T22:25:53.545208
llama-3.1-8b,Mixed,123,1000,501,50.1,40.0,43.0,1.002,2.0,0.0,1.000498374310022,1.4,0.8,-0.5999999999999999,5079.038138,5075.882,5231.188,127.68,127680,False,/home/maloney/Documents/GitHub/agentops-fw/out/p2_training_20260124/llama-3.1-8b/Mixed/seed_123,2026-01-29T15:03:53.094215
llama-3.1-8b,Mixed,42,1000,477,47.699999999999996,24.0,22.0,0.954,2.0,0.0,0.9994412853604172,1.6,0.8,-0.8,5031.209493,5031.235000000001,5199.824,127.52,127520,False,/home/maloney/Documents/GitHub/agentops-fw/out/p2_training_20260124/llama-3.1-8b/Mixed/seed_42,2026-01-29T13:36:13.483657
llama-3.1-8b,Mixed,456,1000,552,55.2,72.0,69.0,1.104,2.0,0.0,0.9950749590730209,1.6,2.0,0.3999999999999999,5051.153522,5044.184499999999,5195.075,127.771,127771,True,/home/maloney/Documents/GitHub/agentops-fw/out/p2_training_20260124/llama-3.1-8b/Mixed/seed_456,2026-01-29T16:32:20.676778
llama-3.1-8b,T1,123,1000,994,99.4,100.0,100.0,1.988,2.0,0.0,0.15453116151728066,1.8,2.0,0.19999999999999996,4992.698232,4992.124,5064.182,127.925,127925,True,/home/maloney/Documents/GitHub/agentops-fw/out/p2_training_20260124/llama-3.1-8b/T1/seed_123,2026-01-28T17:19:12.679681
llama-3.1-8b,T1,42,1000,991,99.1,100.0,100.0,1.982,2.0,0.0,0.18897542621121857,1.8,2.0,0.19999999999999996,4979.161349,4976.4259999999995,5049.933,128,128000,True,/home/maloney/Documents/GitHub/agentops-fw/out/p2_training_20260124/llama-3.1-8b/T1/seed_42,2026-01-28T15:52:57.317611
llama-3.1-8b,T1,456,1000,995,99.5,100.0,100.0,1.99,2.0,0.0,0.14113794642093924,1.8,2.0,0.19999999999999996,4978.949108,4977.0545,5046.94,128,128000,True,/home/maloney/Documents/GitHub/agentops-fw/out/p2_training_20260124/llama-3.1-8b/T1/seed_456,2026-01-28T18:45:35.050760
llama-3.1-8b,T2,123,1000,969,96.89999999999999,100.0,100.0,1.938,2.0,0.0,0.3468087027112732,0.4,2.0,1.6,4917.988322,4935.8195,5014.462,127.364,127364,True,/home/maloney/Documents/GitHub/agentops-fw/out/p2_training_20260124/llama-3.1-8b/T2/seed_123,2026-01-28T21:38:07.880398
llama-3.1-8b,T2,42,1000,977,97.7,100.0,100.0,1.954,2.0,0.0,0.29995662015360486,0.8,2.0,1.2,4995.673166,5008.391,5076.403,127.594,127594,True,/home/maloney/Documents/GitHub/agentops-fw/out/p2_training_20260124/llama-3.1-8b/T2/seed_42,2026-01-28T20:11:43.744162
llama-3.1-8b,T2,456,1000,959,95.89999999999999,100.0,100.0,1.918,2.0,0.0,0.39677882180559165,0.8,2.0,1.2,4965.212556,4964.362,5037.672,127.914,127914,True,/home/maloney/Documents/GitHub/agentops-fw/out/p2_training_20260124/llama-3.1-8b/T2/seed_456,2026-01-28T23:03:14.618779
llama-3.1-8b,T3,123,1000,1,0.1,0.0,1.0,0.002,2.0,0.0,0.06324555320336758,0.0,0.0,0.0,4914.630688,4977.023499999999,5048.858,126.221,126221,False,/home/maloney/Documents/GitHub/agentops-fw/out/p2_training_20260124/llama-3.1-8b/T3/seed_123,2026-01-29T01:53:54.003879
llama-3.1-8b,T3,42,1000,0,0.0,0.0,0.0,0.0,0.0,0.0,0.0,0.0,0.0,0.0,4896.111386,4972.368,5041.632,125.881,125881,False,/home/maloney/Documents/GitHub/agentops-fw/out/p2_training_20260124/llama-3.1-8b/T3/seed_42,2026-01-29T00:29:08.682698
llama-3.1-8b,T3,456,1000,0,0.0,0.0,0.0,0.0,0.0,0.0,0.0,0.0,0.0,0.0,4974.042469,5026.14,5111.673,126.417,126417,False,/home/maloney/Documents/GitHub/agentops-fw/out/p2_training_20260124/llama-3.1-8b/T3/seed_456,2026-01-29T03:18:57.797896
llama-3.1-8b,T4,123,1000,985,98.5,100.0,98.0,1.97,2.0,0.0,0.24322655932105597,2.0,2.0,0.0,4977.493055,4981.8099999999995,5059.774,127.772,127772,False,/home/maloney/Documents/GitHub/agentops-fw/out/p2_training_20260124/llama-3.1-8b/T4/seed_123,2026-01-29T06:10:59.110818
llama-3.1-8b,T4,42,1000,984,98.4,100.0,98.0,1.968,2.0,0.0,0.2510757635436743,2.0,2.0,0.0,4956.994594,4956.4259999999995,5026.051,127.961,127961,False,/home/maloney/Documents/GitHub/agentops-fw/out/p2_training_20260124/llama-3.1-8b/T4/seed_42,2026-01-29T04:45:00.161597
llama-3.1-8b,T4,456,1000,983,98.3,100.0,98.0,1.966,2.0,0.0,0.2586714342769818,2.0,2.0,0.0,4957.77815,4969.377,5054.941,127.572,127572,False,/home/maloney/Documents/GitHub/agentops-fw/out/p2_training_20260124/llama-3.1-8b/T4/seed_456,2026-01-29T07:37:17.753165
llama-3.1-8b,T5,123,1000,0,0.0,0.0,0.0,0.0,0.0,0.0,0.0,0.0,0.0,0.0,5074.933964,5071.723,5206.979,127.978,127978,False,/home/maloney/Documents/GitHub/agentops-fw/out/p2_training_20260124/llama-3.1-8b/T5/seed_123,2026-01-29T10:34:14.577569
llama-3.1-8b,T5,42,1000,3,0.3,0.0,0.0,0.006,2.0,0.0,0.10943480239839598,0.0,0.0,0.0,5084.209768,5083.4275,5217.219,127.971,127971,False,/home/maloney/Documents/GitHub/agentops-fw/out/p2_training_20260124/llama-3.1-8b/T5/seed_42,2026-01-29T09:03:21.657101
llama-3.1-8b,T5,456,1000,1,0.1,0.0,1.0,0.002,2.0,0.0,0.06324555320336758,0.0,0.0,0.0,5106.714488,5099.9125,5235.046,128,128000,False,/home/maloney/Documents/GitHub/agentops-fw/out/p2_training_20260124/llama-3.1-8b/T5/seed_456,2026-01-29T12:04:58.456387
llama-3.2-1b,Mixed,123,1000,504,50.4,66.0,63.0,1.008,2.0,0.0,1.000468358788491,0.4,2.0,1.6,1433.557282,1576.6599999999999,1912.032,97.394,97394,True,/home/maloney/Documents/GitHub/agentops-fw/out/p2_training_20260124/llama-3.2-1b/Mixed/seed_123,2026-01-24T13:54:35.284641
llama-3.2-1b,Mixed,42,1000,365,36.5,0.0,0.0,0.73,2.0,0.0,0.963342113700023,0.8,0.0,-0.8,1410.38456,1856.7005,1915.373,95.832,95832,False,/home/maloney/Documents/GitHub/agentops-fw/out/p2_training_20260124/llama-3.2-1b/Mixed/seed_42,2026-01-24T13:30:07.487714
llama-3.2-1b,Mixed,456,1000,344,34.4,0.0,0.0,0.688,2.0,0.0,0.950557499344232,0.6,0.0,-0.6,1460.535937,1867.476,1917.295,99.025,99025,False,/home/maloney/Documents/GitHub/agentops-fw/out/p2_training_20260124/llama-3.2-1b/Mixed/seed_456,2026-01-24T14:19:29.378974
llama-3.2-1b,T1,123,1000,921,92.10000000000001,100.0,100.0,1.842,2.0,0.0,0.5397474662537355,0.0,2.0,2.0,921.366789,901.3130000000001,968.486,62.967,62967,True,/home/maloney/Documents/GitHub/agentops-fw/out/p2_training_20260124/llama-3.2-1b/T1/seed_123,2026-01-24T08:09:39.149422
llama-3.2-1b,T1,42,999,934,93.4934934934935,100.0,100.0,1.86986986986987,2.0,0.0,0.49352834116202826,0.4,2.0,1.6,834.7012972972973,787.165,1040.313,56.08308308308308,56027,True,/home/maloney/Documents/GitHub/agentops-fw/out/p2_training_20260124/llama-3.2-1b/T1/seed_42,2026-01-24T07:54:59.511580
llama-3.2-1b,T1,456,1000,937,93.7,100.0,100.0,1.874,2.0,0.0,0.48616906561438106,0.0,2.0,2.0,865.122179,817.575,1011.515,59.017,59017,True,/home/maloney/Documents/GitHub/agentops-fw/out/p2_training_20260124/llama-3.2-1b/T1/seed_456,2026-01-24T08:25:53.912007
llama-3.2-1b,T2,123,1000,928,92.80000000000001,92.0,96.0,1.856,2.0,0.0,0.5172345034232844,1.0,1.8,0.8,1492.542552,1508.8654999999999,1858.485,102.662,102662,True,/home/maloney/Documents/GitHub/agentops-fw/out/p2_training_20260124/llama-3.2-1b/T2/seed_123,2026-01-24T09:06:01.616283
llama-3.2-1b,T2,42,1000,946,94.6,98.0,99.0,1.892,2.0,0.0,0.4522615841971774,0.6,2.0,1.4,1438.821955,1443.6985,1865.434,98.317,98317,True,/home/maloney/Documents/GitHub/agentops-fw/out/p2_training_20260124/llama-3.2-1b/T2/seed_42,2026-01-24T08:41:12.214682
llama-3.2-1b,T2,456,1000,960,96.0,96.0,98.0,1.92,2.0,0.0,0.39211446511669745,1.6,1.8,0.19999999999999996,1391.229604,1346.0685,1813.665,95.23,95230,True,/home/maloney/Documents/GitHub/agentops-fw/out/p2_training_20260124/llama-3.2-1b/T2/seed_456,2026-01-24T09:31:46.226263
llama-3.2-1b,T3,123,1000,1,0.1,0.0,0.0,0.002,2.0,0.0,0.06324555320336758,0.0,0.0,0.0,1709.444719,1862.0610000000001,1874.387,117.488,117488,False,/home/maloney/Documents/GitHub/agentops-fw/out/p2_training_20260124/llama-3.2-1b/T3/seed_123,2026-01-24T10:24:41.017352
llama-3.2-1b,T3,42,1000,0,0.0,0.0,0.0,0.0,0.0,0.0,0.0,0.0,0.0,0.0,1674.30128,1860.8505,1873.731,114.99,114990,False,/home/maloney/Documents/GitHub/agentops-fw/out/p2_training_20260124/llama-3.2-1b/T3/seed_42,2026-01-24T09:55:49.501119
llama-3.2-1b,T3,456,1000,1,0.1,0.0,0.0,0.002,2.0,0.0,0.06324555320336758,0.0,0.0,0.0,1735.320228,1864.993,1875.198,119.033,119033,False,/home/maloney/Documents/GitHub/agentops-fw/out/p2_training_20260124/llama-3.2-1b/T3/seed_456,2026-01-24T10:54:11.610227
llama-3.2-1b,T4,123,1000,990,99.0,100.0,100.0,1.98,2.0,0.0,0.1990970608513336,2.0,2.0,0.0,549.323247,515.7325,793.342,37.228,37228,False,/home/maloney/Documents/GitHub/agentops-fw/out/p2_training_20260124/llama-3.2-1b/T4/seed_123,2026-01-24T11:33:50.206543
llama-3.2-1b,T4,42,1000,991,99.1,96.0,98.0,1.982,2.0,0.0,0.18897542621121857,2.0,2.0,0.0,544.238889,511.9485,793.961,37.149,37149,False,/home/maloney/Documents/GitHub/agentops-fw/out/p2_training_20260124/llama-3.2-1b/T4/seed_42,2026-01-24T11:23:52.197254
llama-3.2-1b,T4,456,1000,991,99.1,100.0,100.0,1.982,2.0,0.0,0.18897542621121857,2.0,2.0,0.0,548.479345,514.123,835.727,37.28,37280,False,/home/maloney/Documents/GitHub/agentops-fw/out/p2_training_20260124/llama-3.2-1b/T4/seed_456,2026-01-24T11:43:53.063749
llama-3.2-1b,T5,123,1000,1,0.1,0.0,0.0,0.002,2.0,0.0,0.06324555320336758,0.0,0.0,0.0,1825.498762,1920.376,1942.193,121.517,121517,False,/home/maloney/Documents/GitHub/agentops-fw/out/p2_training_20260124/llama-3.2-1b/T5/seed_123,2026-01-24T12:26:17.834214
llama-3.2-1b,T5,42,1000,2,0.2,0.0,0.0,0.004,2.0,0.0,0.08939794176597128,0.0,0.0,0.0,1848.550504,1921.2305000000001,1942.939,123.088,123088,False,/home/maloney/Documents/GitHub/agentops-fw/out/p2_training_20260124/llama-3.2-1b/T5/seed_42,2026-01-24T11:53:56.143415
llama-3.2-1b,T5,456,1000,2,0.2,0.0,0.0,0.004,2.0,0.0,0.08939794176597128,0.0,0.0,0.0,1805.444312,1924.9395,1947.091,119.905,119905,False,/home/maloney/Documents/GitHub/agentops-fw/out/p2_training_20260124/llama-3.2-1b/T5/seed_456,2026-01-24T12:58:27.646001
llama-3.2-3b,Mixed,123,1000,407,40.699999999999996,0.0,0.0,0.814,2.0,0.0,0.9830413879234029,1.2,0.0,-1.2,2643.302757,3294.3505,3385.852,102.044,102044,False,/home/maloney/Documents/GitHub/agentops-fw/out/p2_training_20260124/llama-3.2-3b/Mixed/seed_123,2026-01-25T03:00:42.671964
llama-3.2-3b,Mixed,42,938,318,33.90191897654584,0.0,0.0,0.6780383795309168,2.0,0.0,0.9472577906240227,1.2,0.0,-1.2,3182.786697228145,3313.268,3414.139,122.03304904051173,114467,False,/home/maloney/Documents/GitHub/agentops-fw/out/p2_training_20260124/llama-3.2-3b/Mixed/seed_42,2026-01-25T02:09:35.685505
llama-3.2-3b,Mixed,456,1000,536,53.6,68.0,67.0,1.072,2.0,0.0,0.997903708687272,1.0,2.0,1.0,3248.397965,3290.9385,3372.774,126.123,126123,True,/home/maloney/Documents/GitHub/agentops-fw/out/p2_training_20260124/llama-3.2-3b/Mixed/seed_456,2026-01-25T03:46:49.273140
llama-3.2-3b,T1,123,1000,976,97.6,100.0,100.0,1.952,2.0,0.0,0.3062511874095998,1.4,2.0,0.6000000000000001,3711.571922,3730.8795,3734.682,127.442,127442,True,/home/maloney/Documents/GitHub/agentops-fw/out/p2_training_20260124/llama-3.2-3b/T1/seed_123,2026-01-24T15:49:06.062298
llama-3.2-3b,T1,42,1000,972,97.2,100.0,100.0,1.944,2.0,0.0,0.3301105465945809,1.6,2.0,0.3999999999999999,3714.668349,3729.6369999999997,3733.437,127.582,127582,True,/home/maloney/Documents/GitHub/agentops-fw/out/p2_training_20260124/llama-3.2-3b/T1/seed_42,2026-01-24T14:45:24.871298
llama-3.2-3b,T1,456,1000,972,97.2,100.0,100.0,1.944,2.0,0.0,0.3301105465945809,1.2,2.0,0.8,3711.21056,3730.909,3734.916,127.431,127431,True,/home/maloney/Documents/GitHub/agentops-fw/out/p2_training_20260124/llama-3.2-3b/T1/seed_456,2026-01-24T16:52:44.411387
llama-3.2-3b,T2,123,1000,962,96.2,100.0,100.0,1.924,2.0,0.0,0.38258380829613053,0.6,2.0,1.4,3675.855042,3723.151,3729.887,126.441,126441,True,/home/maloney/Documents/GitHub/agentops-fw/out/p2_training_20260124/llama-3.2-3b/T2/seed_123,2026-01-24T18:39:14.866788
llama-3.2-3b,T2,42,1000,953,95.3,100.0,100.0,1.906,2.0,0.0,0.42348948433620326,0.6,2.0,1.4,2469.020895,2382.0975,3723.68,84.962,84962,True,/home/maloney/Documents/GitHub/agentops-fw/out/p2_training_20260124/llama-3.2-3b/T2/seed_42,2026-01-24T17:56:21.894807
llama-3.2-3b,T2,456,1000,938,93.8,98.0,99.0,1.876,2.0,0.0,0.48255243948907445,0.6,2.0,1.4,2698.626812,2593.8185000000003,3732.662,92.647,92647,True,/home/maloney/Documents/GitHub/agentops-fw/out/p2_training_20260124/llama-3.2-3b/T2/seed_456,2026-01-24T19:42:17.161350
llama-3.2-3b,T3,123,1000,2,0.2,0.0,0.0,0.004,2.0,0.0,0.08939794176597128,0.2,0.0,-0.2,3713.642297,3730.647,3734.559,127.514,127514,False,/home/maloney/Documents/GitHub/agentops-fw/out/p2_training_20260124/llama-3.2-3b/T3/seed_123,2026-01-24T21:32:24.626581
llama-3.2-3b,T3,42,1000,1,0.1,0.0,0.0,0.002,2.0,0.0,0.06324555320336758,0.0,0.0,0.0,3697.925682,3730.428,3734.588,126.992,126992,False,/home/maloney/Documents/GitHub/agentops-fw/out/p2_training_20260124/llama-3.2-3b/T3/seed_42,2026-01-24T20:29:00.424003
llama-3.2-3b,T3,456,1000,1,0.1,0.0,0.0,0.002,2.0,0.0,0.06324555320336758,0.0,0.0,0.0,3648.46492,3727.848,3734.595,125.344,125344,False,/home/maloney/Documents/GitHub/agentops-fw/out/p2_training_20260124/llama-3.2-3b/T3/seed_456,2026-01-24T22:36:04.220772
llama-3.2-3b,T4,123,1000,992,99.2,100.0,100.0,1.984,2.0,0.0,0.17825761070926474,2.0,2.0,0.0,1257.155229,1051.6345000000001,3741.697,42.803,42803,False,/home/maloney/Documents/GitHub/agentops-fw/out/p2_training_20260124/llama-3.2-3b/T4/seed_123,2026-01-25T00:42:13.489861
llama-3.2-3b,T4,42,1000,982,98.2,100.0,98.0,1.964,2.0,0.0,0.2660352885892674,2.0,2.0,0.0,3701.993309,3737.022,3755.599,126.814,126814,False,/home/maloney/Documents/GitHub/agentops-fw/out/p2_training_20260124/llama-3.2-3b/T4/seed_42,2026-01-24T23:38:38.601431
llama-3.2-3b,T4,456,1000,984,98.4,100.0,98.0,1.968,2.0,0.0,0.2510757635436743,2.0,2.0,0.0,3716.756026,3736.9655000000002,3755.884,127.529,127529,False,/home/maloney/Documents/GitHub/agentops-fw/out/p2_training_20260124/llama-3.2-3b/T4/seed_456,2026-01-25T01:04:54.158871
llama-3.2-3b,T5,123,1000,0,0.0,0.0,0.0,0.0,0.0,0.0,0.0,0.0,0.0,0.0,3978.928843,4074.144,4152.346,124.711,124711,False,/home/maloney/Documents/GitHub/agentops-fw/out/p2_training_20260124/llama-3.2-3b/T5/seed_123,2026-01-25T02:09:01.697828
llama-3.2-3b,T5,42,1000,0,0.0,0.0,0.0,0.0,0.0,0.0,0.0,0.0,0.0,0.0,3999.97606,4098.386,4190.233,124.58,124580,False,/home/maloney/Documents/GitHub/agentops-fw/out/p2_training_20260124/llama-3.2-3b/T5/seed_42,2026-01-25T02:08:44.147704
llama-3.2-3b,T5,456,1000,0,0.0,0.0,0.0,0.0,0.0,0.0,0.0,0.0,0.0,0.0,3988.941018,4080.9465,4169.256,124.802,124802,False,/home/maloney/Documents/GitHub/agentops-fw/out/p2_training_20260124/llama-3.2-3b/T5/seed_456,2026-01-25T02:09:18.600184
ministral-8b,Mixed,123,1000,727,72.7,80.0,78.0,1.454,2.0,0.0,0.8914475187461562,1.8,2.0,0.19999999999999996,3280.906165,2732.353,5802.575,73.763,73763,True,/home/maloney/Documents/GitHub/agentops-fw/out/p2_training_20260124/ministral-8b/Mixed/seed_123,2026-01-28T13:48:52.853406
ministral-8b,Mixed,42,1000,585,58.5,70.0,67.0,1.17,2.0,0.0,0.9859371542203246,1.8,2.0,0.19999999999999996,3796.151192,3889.9645,5777.397,85.924,85924,True,/home/maloney/Documents/GitHub/agentops-fw/out/p2_training_20260124/ministral-8b/Mixed/seed_42,2026-01-28T12:41:41.315956
ministral-8b,Mixed,456,1000,588,58.8,70.0,68.0,1.176,2.0,0.0,0.9848827310873076,1.6,2.0,0.3999999999999999,3696.115564,3769.8785,5766.477,83.753,83753,True,/home/maloney/Documents/GitHub/agentops-fw/out/p2_training_20260124/ministral-8b/Mixed/seed_456,2026-01-28T14:47:26.166353
ministral-8b,T1,123,1000,998,99.8,100.0,100.0,1.996,2.0,0.0,0.08939794176597128,2.0,2.0,0.0,2662.33296,2656.959,2869.219,60.492,60492,False,/home/maloney/Documents/GitHub/agentops-fw/out/p2_training_20260124/ministral-8b/T1/seed_123,2026-01-27T23:16:08.258188
ministral-8b,T1,42,1000,996,99.6,100.0,100.0,1.992,2.0,0.0,0.12630103701851364,2.0,2.0,0.0,2676.253513,2673.4235,2865.355,60.451,60451,False,/home/maloney/Documents/GitHub/agentops-fw/out/p2_training_20260124/ministral-8b/T1/seed_42,2026-01-27T22:28:09.601747
ministral-8b,T1,456,1000,997,99.7,100.0,100.0,1.994,2.0,0.0,0.10943480239839598,2.0,2.0,0.0,2712.734821,2696.4044999999996,2941.938,61.797,61797,False,/home/maloney/Documents/GitHub/agentops-fw/out/p2_training_20260124/ministral-8b/T1/seed_456,2026-01-28T00:03:46.700866
ministral-8b,T2,123,1000,988,98.8,100.0,100.0,1.976,2.0,0.0,0.21787948841382815,1.2,2.0,0.8,3764.64362,3682.685,4508.175,86.099,86099,True,/home/maloney/Documents/GitHub/agentops-fw/out/p2_training_20260124/ministral-8b/T2/seed_123,2026-01-28T02:12:54.279304
ministral-8b,T2,42,1000,960,96.0,94.0,96.0,1.92,2.0,0.0,0.39211446511669745,1.4,2.0,0.6000000000000001,4635.175691,4700.4955,5650.442,103.415,103415,True,/home/maloney/Documents/GitHub/agentops-fw/out/p2_training_20260124/ministral-8b/T2/seed_42,2026-01-28T00:52:10.879683
ministral-8b,T2,456,1000,996,99.6,100.0,100.0,1.992,2.0,0.0,0.12630103701851364,1.8,2.0,0.19999999999999996,3924.963508,3893.2475,4700.013,88.864,88864,True,/home/maloney/Documents/GitHub/agentops-fw/out/p2_training_20260124/ministral-8b/T2/seed_456,2026-01-28T03:18:57.327843
ministral-8b,T3,123,1000,901,90.10000000000001,100.0,100.0,1.802,2.0,0.0,0.5976229188653605,0.6,2.0,1.4,1991.417876,1957.635,2179.586,45.145,45145,True,/home/maloney/Documents/GitHub/agentops-fw/out/p2_training_20260124/ministral-8b/T3/seed_123,2026-01-28T05:03:43.382664
ministral-8b,T3,42,1000,960,96.0,100.0,100.0,1.92,2.0,0.0,0.39211446511669745,0.2,2.0,1.8,1985.178755,2010.8319999999999,2163.704,45.149,45149,True,/home/maloney/Documents/GitHub/agentops-fw/out/p2_training_20260124/ministral-8b/T3/seed_42,2026-01-28T04:27:34.368316
ministral-8b,T3,456,1000,3,0.3,0.0,0.0,0.006,2.0,0.0,0.10943480239839598,0.4,0.0,-0.4,2097.190915,1268.203,5622.118,47.526,47526,False,/home/maloney/Documents/GitHub/agentops-fw/out/p2_training_20260124/ministral-8b/T3/seed_456,2026-01-28T05:39:58.665244
ministral-8b,T4,123,1000,996,99.6,100.0,100.0,1.992,2.0,0.0,0.12630103701851364,2.0,2.0,0.0,1599.616368,1536.5639999999999,2444.534,36.18,36180,False,/home/maloney/Documents/GitHub/agentops-fw/out/p2_training_20260124/ministral-8b/T4/seed_123,2026-01-28T06:48:39.190040
ministral-8b,T4,42,1000,994,99.4,100.0,100.0,1.988,2.0,0.0,0.15453116151728066,2.0,2.0,0.0,1652.504551,1588.4025000000001,2520.517,36.779,36779,False,/home/maloney/Documents/GitHub/agentops-fw/out/p2_training_20260124/ministral-8b/T4/seed_42,2026-01-28T06:17:57.013856
ministral-8b,T4,456,1000,994,99.4,100.0,100.0,1.988,2.0,0.0,0.15453116151728066,2.0,2.0,0.0,1755.87352,1681.4075,2578.967,39.119,39119,False,/home/maloney/Documents/GitHub/agentops-fw/out/p2_training_20260124/ministral-8b/T4/seed_456,2026-01-28T07:18:28.349140
ministral-8b,T5,123,1000,3,0.3,0.0,0.0,0.006,2.0,0.0,0.10943480239839598,0.0,0.0,0.0,5455.97837,5725.762500000001,5853.099,121.724,121724,False,/home/maloney/Documents/GitHub/agentops-fw/out/p2_training_20260124/ministral-8b/T5/seed_123,2026-01-28T09:27:16.582359
ministral-8b,T5,42,1000,2,0.2,0.0,0.0,0.004,2.0,0.0,0.08939794176597128,0.0,0.0,0.0,5385.704573,5695.9195,5824.461,120.682,120682,False,/home/maloney/Documents/GitHub/agentops-fw/out/p2_training_20260124/ministral-8b/T5/seed_42,2026-01-28T07:50:54.591819
ministral-8b,T5,456,1000,2,0.2,0.0,0.0,0.004,2.0,0.0,0.08939794176597128,0.0,0.0,0.0,5407.5597,5790.1795,5929.543,119.142,119142,False,/home/maloney/Documents/GitHub/agentops-fw/out/p2_training_20260124/ministral-8b/T5/seed_456,2026-01-28T11:04:46.874843
mistral-7b-v0.3,Mixed,123,1000,392,39.2,0.0,0.0,0.784,2.0,0.0,0.9768819264876888,1.4,0.0,-1.4,3977.514427,4733.1335,4943.507,105.913,105913,False,/home/maloney/Documents/GitHub/agentops-fw/out/p2_training_20260124/mistral-7b-v0.3/Mixed/seed_123,2026-01-27T20:10:19.395772
mistral-7b-v0.3,Mixed,42,1000,335,33.5,0.0,0.0,0.67,2.0,0.0,0.9444532767649186,1.4,0.0,-1.4,3932.279577,4665.406,4870.868,106.379,106379,False,/home/maloney/Documents/GitHub/agentops-fw/out/p2_training_20260124/mistral-7b-v0.3/Mixed/seed_42,2026-01-27T19:00:55.172453
mistral-7b-v0.3,Mixed,456,1000,530,53.0,44.0,51.0,1.06,2.0,0.0,0.9986978509025627,1.2,1.2,0.0,3611.455959,3510.0344999999998,4868.858,97.588,97588,False,/home/maloney/Documents/GitHub/agentops-fw/out/p2_training_20260124/mistral-7b-v0.3/Mixed/seed_456,2026-01-27T21:20:29.074916
mistral-7b-v0.3,T1,123,1000,996,99.6,100.0,100.0,1.992,2.0,0.0,0.12630103701851364,2.0,2.0,0.0,3016.284288,2993.7439999999997,3269.477,76.564,76564,False,/home/maloney/Documents/GitHub/agentops-fw/out/p2_training_20260124/mistral-7b-v0.3/T1/seed_123,2026-01-27T04:47:53.180487
mistral-7b-v0.3,T1,42,1000,991,99.1,98.0,97.0,1.982,2.0,0.0,0.18897542621121857,2.0,2.0,0.0,3273.525747,3154.624,4047.917,83.07,83070,False,/home/maloney/Documents/GitHub/agentops-fw/out/p2_training_20260124/mistral-7b-v0.3/T1/seed_42,2026-01-27T03:53:02.412000
mistral-7b-v0.3,T1,456,1000,997,99.7,100.0,100.0,1.994,2.0,0.0,0.10943480239839598,2.0,2.0,0.0,3088.06488,3092.8935,3339.929,78.503,78503,False,/home/maloney/Documents/GitHub/agentops-fw/out/p2_training_20260124/mistral-7b-v0.3/T1/seed_456,2026-01-27T05:38:49.128826
mistral-7b-v0.3,T2,123,1000,916,91.60000000000001,100.0,100.0,1.832,2.0,0.0,0.5550532263522878,0.4,2.0,1.6,3486.040221,3250.3900000000003,4966.089,87.838,87838,True,/home/maloney/Documents/GitHub/agentops-fw/out/p2_training_20260124/mistral-7b-v0.3/T2/seed_123,2026-01-27T07:30:35.017131
mistral-7b-v0.3,T2,42,1000,918,91.8,100.0,100.0,1.836,2.0,0.0,0.5490040121942693,0.2,2.0,1.8,3606.094072,3423.8325,4961.33,92.172,92172,True,/home/maloney/Documents/GitHub/agentops-fw/out/p2_training_20260124/mistral-7b-v0.3/T2/seed_42,2026-01-27T06:30:30.216428
mistral-7b-v0.3,T2,456,1000,15,1.5,0.0,0.0,0.03,2.0,0.0,0.24322655932105597,0.0,0.0,0.0,5057.835713,5062.032999999999,5084.291,127.914,127914,False,/home/maloney/Documents/GitHub/agentops-fw/out/p2_training_20260124/mistral-7b-v0.3/T2/seed_456,2026-01-27T08:28:00.994261
mistral-7b-v0.3,T3,123,1000,1,0.1,0.0,0.0,0.002,2.0,0.0,0.06324555320336758,0.0,0.0,0.0,4531.728195,5257.862499999999,5280.127,110.472,110472,False,/home/maloney/Documents/GitHub/agentops-fw/out/p2_training_20260124/mistral-7b-v0.3/T3/seed_123,2026-01-27T10:35:31.835706
mistral-7b-v0.3,T3,42,1000,0,0.0,0.0,0.0,0.0,0.0,0.0,0.0,0.0,0.0,0.0,2658.3345,2583.6765,3933.569,65.998,65998,False,/home/maloney/Documents/GitHub/agentops-fw/out/p2_training_20260124/mistral-7b-v0.3/T3/seed_42,2026-01-27T09:50:55.190399
mistral-7b-v0.3,T3,456,1000,1,0.1,0.0,0.0,0.002,2.0,0.0,0.06324555320336758,0.0,0.0,0.0,3386.038267,2809.6305,5278.077,81.288,81288,False,/home/maloney/Documents/GitHub/agentops-fw/out/p2_training_20260124/mistral-7b-v0.3/T3/seed_456,2026-01-27T11:47:20.639718
mistral-7b-v0.3,T4,123,412,405,98.30097087378641,100.0,98.0,1.9660194174757282,2.0,0.0,0.2587837538413387,2.0,2.0,0.0,2865.1108373786406,2800.2430000000004,3893.714,68.17233009708738,28087,False,/home/maloney/Documents/GitHub/agentops-fw/out/p2_training_20260124/mistral-7b-v0.3/T4/seed_123,2026-01-27T13:12:57.985132
mistral-7b-v0.3,T4,42,412,407,98.7864077669903,98.0,98.0,1.9757281553398058,2.0,0.0,0.21925155565119653,2.0,2.0,0.0,1925.0585873786408,1845.7604999999999,2829.414,44.80825242718446,18461,False,/home/maloney/Documents/GitHub/agentops-fw/out/p2_training_20260124/mistral-7b-v0.3/T4/seed_42,2026-01-27T12:41:53.154887
mistral-7b-v0.3,T4,456,412,405,98.30097087378641,100.0,98.0,1.9660194174757282,2.0,0.0,0.2587837538413387,2.0,2.0,0.0,2864.105536407767,2800.947,3872.521,68.19174757281553,28095,False,/home/maloney/Documents/GitHub/agentops-fw/out/p2_training_20260124/mistral-7b-v0.3/T4/seed_456,2026-01-27T13:58:03.465831
mistral-7b-v0.3,T5,123,1000,0,0.0,0.0,0.0,0.0,0.0,0.0,0.0,0.0,0.0,0.0,4804.002967,4835.4395,4948.246,127.227,127227,False,/home/maloney/Documents/GitHub/agentops-fw/out/p2_training_20260124/mistral-7b-v0.3/T5/seed_123,2026-01-27T16:09:02.923351
mistral-7b-v0.3,T5,42,1000,0,0.0,0.0,0.0,0.0,0.0,0.0,0.0,0.0,0.0,0.0,4763.585682,4810.102000000001,4917.632,126.855,126855,False,/home/maloney/Documents/GitHub/agentops-fw/out/p2_training_20260124/mistral-7b-v0.3/T5/seed_42,2026-01-27T14:43:10.828325
mistral-7b-v0.3,T5,456,1000,1,0.1,0.0,0.0,0.002,2.0,0.0,0.06324555320336758,0.0,0.0,0.0,4725.596511,4847.844499999999,4967.625,124.68,124680,False,/home/maloney/Documents/GitHub/agentops-fw/out/p2_training_20260124/mistral-7b-v0.3/T5/seed_456,2026-01-27T17:35:39.557066
phi-3-mini,Mixed,123,1000,463,46.300000000000004,68.0,65.0,0.926,2.0,0.0,0.997757244784281,1.2,1.6,0.40000000000000013,4565.799985,3189.639,14937.311,125.256,125256,True,/home/maloney/Documents/GitHub/agentops-fw/out/p2_training_20260124/phi-3-mini/Mixed/seed_123,2026-01-25T13:58:29.650984
phi-3-mini,Mixed,42,1000,472,47.199999999999996,70.0,68.0,0.944,2.0,0.0,0.9989303588648519,1.0,2.0,1.0,4537.13811,3187.3235,14936.734,124.313,124313,True,/home/maloney/Documents/GitHub/agentops-fw/out/p2_training_20260124/phi-3-mini/Mixed/seed_42,2026-01-25T13:58:23.109331
phi-3-mini,Mixed,456,1000,535,53.5,84.0,82.0,1.07,2.0,0.0,0.9980461392621566,1.2,2.0,0.8,4570.982992,3189.327,14938.308,125.467,125467,True,/home/maloney/Documents/GitHub/agentops-fw/out/p2_training_20260124/phi-3-mini/Mixed/seed_456,2026-01-25T13:58:36.259338
phi-3-mini,T1,123,1000,971,97.1,100.0,98.0,1.942,2.0,0.0,0.3357808046162686,1.8,2.0,0.19999999999999996,3123.933757,3120.538,3231.27,127.567,127567,True,/home/maloney/Documents/GitHub/agentops-fw/out/p2_training_20260124/phi-3-mini/T1/seed_123,2026-01-25T13:56:50.316727
phi-3-mini,T1,42,1000,983,98.3,100.0,100.0,1.966,2.0,0.0,0.2586714342769818,1.8,2.0,0.19999999999999996,3128.389123,3120.284,3234.113,127.741,127741,True,/home/maloney/Documents/GitHub/agentops-fw/out/p2_training_20260124/phi-3-mini/T1/seed_42,2026-01-25T13:56:43.286848
phi-3-mini,T1,456,1000,981,98.1,100.0,99.0,1.962,2.0,0.0,0.27318607327356687,1.6,2.0,0.3999999999999999,3136.413443,3128.2675,3242.752,127.746,127746,True,/home/maloney/Documents/GitHub/agentops-fw/out/p2_training_20260124/phi-3-mini/T1/seed_456,2026-01-25T13:56:56.795401
phi-3-mini,T2,123,1000,16,1.6,0.0,0.0,0.032,2.0,0.0,0.2510757635436743,0.0,0.0,0.0,2910.872963,2957.459,3031.729,125.723,125723,False,/home/maloney/Documents/GitHub/agentops-fw/out/p2_training_20260124/phi-3-mini/T2/seed_123,2026-01-25T13:57:10.003551
phi-3-mini,T2,42,1000,22,2.1999999999999997,0.0,0.0,0.044,2.0,0.0,0.2935134582095856,0.2,0.0,-0.2,2914.493672,2958.199,3034.319,125.832,125832,False,/home/maloney/Documents/GitHub/agentops-fw/out/p2_training_20260124/phi-3-mini/T2/seed_42,2026-01-25T13:57:03.367638
phi-3-mini,T2,456,1000,14,1.4000000000000001,0.0,0.0,0.028,2.0,0.0,0.23509842890004873,0.0,0.0,0.0,2910.570062,2960.272,3033.299,125.597,125597,False,/home/maloney/Documents/GitHub/agentops-fw/out/p2_training_20260124/phi-3-mini/T2/seed_456,2026-01-25T13:57:16.416180
phi-3-mini,T3,123,1000,10,1.0,0.0,0.0,0.02,2.0,0.0,0.1990970608513336,0.0,0.0,0.0,3095.832486,3166.305,3190.955,125.293,125293,False,/home/maloney/Documents/GitHub/agentops-fw/out/p2_training_20260124/phi-3-mini/T3/seed_123,2026-01-25T13:57:29.771215
phi-3-mini,T3,42,1000,3,0.3,0.0,0.0,0.006,2.0,0.0,0.10943480239839598,0.0,0.0,0.0,3056.783829,3166.0155,3192.101,123.673,123673,False,/home/maloney/Documents/GitHub/agentops-fw/out/p2_training_20260124/phi-3-mini/T3/seed_42,2026-01-25T13:57:22.970256
phi-3-mini,T3,456,1000,4,0.4,0.0,0.0,0.008,2.0,0.0,0.12630103701851364,0.0,0.0,0.0,2888.475042,3165.0595,3191.974,116.932,116932,False,/home/maloney/Documents/GitHub/agentops-fw/out/p2_training_20260124/phi-3-mini/T3/seed_456,2026-01-25T13:57:36.633613
phi-3-mini,T4,123,1000,986,98.6,100.0,99.0,1.972,2.0,0.0,0.23509842890004873,1.8,2.0,0.19999999999999996,3406.015021,3354.8015,3977.237,126.778,126778,True,/home/maloney/Documents/GitHub/agentops-fw/out/p2_training_20260124/phi-3-mini/T4/seed_123,2026-01-25T13:57:50.001836
phi-3-mini,T4,42,1000,979,97.89999999999999,100.0,99.0,1.958,2.0,0.0,0.2869116908010517,1.4,2.0,0.6000000000000001,3347.495774,3350.432,3973.315,124.605,124605,True,/home/maloney/Documents/GitHub/agentops-fw/out/p2_training_20260124/phi-3-mini/T4/seed_42,2026-01-25T13:57:43.112280
phi-3-mini,T4,456,1000,980,98.0,100.0,99.0,1.96,2.0,0.0,0.28014010508757664,1.8,2.0,0.19999999999999996,3347.19473,3346.246,3974.989,124.853,124853,True,/home/maloney/Documents/GitHub/agentops-fw/out/p2_training_20260124/phi-3-mini/T4/seed_456,2026-01-25T13:57:56.782196
phi-3-mini,T5,123,683,5,0.7320644216691069,0.0,0.0,0.014641288433382138,2.0,0.0,0.17061896596773063,0.0,0.0,0.0,10312.455263543192,10748.058,14945.639,126.92386530014642,86689,False,/home/maloney/Documents/GitHub/agentops-fw/out/p2_training_20260124/phi-3-mini/T5/seed_123,2026-01-25T13:58:10.018420
phi-3-mini,T5,42,681,2,0.2936857562408223,0.0,0.0,0.005873715124816446,2.0,0.0,0.10830583833253332,0.0,0.0,0.0,10347.891637298091,10746.686,14947.457,127.82966226138032,87052,False,/home/maloney/Documents/GitHub/agentops-fw/out/p2_training_20260124/phi-3-mini/T5/seed_42,2026-01-25T13:58:03.396512
phi-3-mini,T5,456,688,6,0.872093023255814,0.0,0.0,0.01744186046511628,2.0,0.0,0.18609093609960137,0.0,0.0,0.0,10247.712380813953,10631.8265,14951.826,126.5188953488372,87045,False,/home/maloney/Documents/GitHub/agentops-fw/out/p2_training_20260124/phi-3-mini/T5/seed_456,2026-01-25T13:58:16.510382
qwen2.5-3b,Mixed,123,1000,720,72.0,80.0,79.0,1.44,2.0,0.0,0.8984471087421937,1.2,1.8,0.6000000000000001,3729.726149,3289.6405,6784.511,70.563,70563,True,/home/maloney/Documents/GitHub/agentops-fw/out/p2_training_20260124/qwen2.5-3b/Mixed/seed_123,2026-01-25T13:55:17.305774
qwen2.5-3b,Mixed,42,1000,577,57.699999999999996,66.0,65.0,1.154,2.0,0.0,0.9885652539216929,1.0,2.0,1.0,4249.055508,3521.9755,6736.027,81.297,81297,True,/home/maloney/Documents/GitHub/agentops-fw/out/p2_training_20260124/qwen2.5-3b/Mixed/seed_42,2026-01-25T13:54:33.061199
qwen2.5-3b,Mixed,456,1000,657,65.7,82.0,80.0,1.314,2.0,0.0,0.9498980504803167,1.0,1.8,0.8,3802.569409,3275.6014999999998,6686.05,72.968,72968,True,/home/maloney/Documents/GitHub/agentops-fw/out/p2_training_20260124/qwen2.5-3b/Mixed/seed_456,2026-01-25T13:56:00.893898
qwen2.5-3b,T1,123,1000,1000,100.0,100.0,100.0,2.0,2.0,2.0,0.0,2.0,2.0,0.0,2306.815988,2310.6165,2532.2,53.8,53800,False,/home/maloney/Documents/GitHub/agentops-fw/out/p2_training_20260124/qwen2.5-3b/T1/seed_123,2026-01-25T05:17:39.052472
qwen2.5-3b,T1,42,1000,998,99.8,100.0,100.0,1.996,2.0,0.0,0.08939794176597128,2.0,2.0,0.0,2058.311821,2020.5065,2268.272,48.137,48137,False,/home/maloney/Documents/GitHub/agentops-fw/out/p2_training_20260124/qwen2.5-3b/T1/seed_42,2026-01-25T04:43:01.859004
qwen2.5-3b,T1,456,1000,1000,100.0,100.0,100.0,2.0,2.0,2.0,0.0,2.0,2.0,0.0,2286.296392,2282.109,2485.838,53.38,53380,False,/home/maloney/Documents/GitHub/agentops-fw/out/p2_training_20260124/qwen2.5-3b/T1/seed_456,2026-01-25T05:56:19.855361
qwen2.5-3b,T2,123,1000,847,84.7,100.0,98.0,1.694,2.0,0.0,0.7203352572815542,1.8,2.0,0.19999999999999996,4136.589644,4057.1850000000004,5189.525,102.157,102157,True,/home/maloney/Documents/GitHub/agentops-fw/out/p2_training_20260124/qwen2.5-3b/T2/seed_123,2026-01-25T07:30:43.557547
qwen2.5-3b,T2,42,1000,881,88.1,100.0,99.0,1.762,2.0,0.0,0.6479010540011305,1.8,2.0,0.19999999999999996,3360.99449,3097.994,5201.11,80.089,80089,True,/home/maloney/Documents/GitHub/agentops-fw/out/p2_training_20260124/qwen2.5-3b/T2/seed_42,2026-01-25T06:34:31.292889
qwen2.5-3b,T2,456,1000,971,97.1,100.0,99.0,1.942,2.0,0.0,0.3357808046162686,1.6,2.0,0.3999999999999999,3335.844799,3197.521,4334.532,82.039,82039,True,/home/maloney/Documents/GitHub/agentops-fw/out/p2_training_20260124/qwen2.5-3b/T2/seed_456,2026-01-25T08:41:57.397489
qwen2.5-3b,T3,123,1000,958,95.8,100.0,100.0,1.916,2.0,0.0,0.40137900431525453,0.2,2.0,1.8,1461.073017,1374.5615,1763.871,36.157,36157,True,/home/maloney/Documents/GitHub/agentops-fw/out/p2_training_20260124/qwen2.5-3b/T3/seed_123,2026-01-25T10:42:29.129258
qwen2.5-3b,T3,42,1000,968,96.8,100.0,100.0,1.936,2.0,0.0,0.35217613211009635,0.4,2.0,1.6,3557.534382,3547.589,3745.989,87.2,87200,True,/home/maloney/Documents/GitHub/agentops-fw/out/p2_training_20260124/qwen2.5-3b/T3/seed_42,2026-01-25T09:40:02.568673
qwen2.5-3b,T3,456,1000,3,0.3,0.0,0.0,0.006,2.0,0.0,0.10943480239839598,0.4,0.0,-0.4,5164.751026,5222.2705000000005,5259.744,126.545,126545,False,/home/maloney/Documents/GitHub/agentops-fw/out/p2_training_20260124/qwen2.5-3b/T3/seed_456,2026-01-25T11:09:28.847943
qwen2.5-3b,T4,123,1000,995,99.5,100.0,100.0,1.99,2.0,0.0,0.14113794642093924,2.0,2.0,0.0,1098.421682,945.678,1793.42,26.959,26959,False,/home/maloney/Documents/GitHub/agentops-fw/out/p2_training_20260124/qwen2.5-3b/T4/seed_123,2026-01-25T13:06:37.259568
qwen2.5-3b,T4,42,1000,997,99.7,100.0,99.0,1.994,2.0,0.0,0.10943480239839598,2.0,2.0,0.0,1443.247048,1376.779,2208.702,35.389,35389,False,/home/maloney/Documents/GitHub/agentops-fw/out/p2_training_20260124/qwen2.5-3b/T4/seed_42,2026-01-25T12:39:17.516656
qwen2.5-3b,T4,456,1000,998,99.8,100.0,100.0,1.996,2.0,0.0,0.08939794176597128,2.0,2.0,0.0,1350.794677,1303.7530000000002,2069.109,33.192,33192,False,/home/maloney/Documents/GitHub/agentops-fw/out/p2_training_20260124/qwen2.5-3b/T4/seed_456,2026-01-25T13:27:56.340143
qwen2.5-3b,T5,123,1000,7,0.7000000000000001,0.0,0.0,0.014,2.0,0.0,0.16682875001579264,0.0,0.0,0.0,6280.137066,6627.405000000001,6756.496,120.979,120979,False,/home/maloney/Documents/GitHub/agentops-fw/out/p2_training_20260124/qwen2.5-3b/T5/seed_123,2026-01-25T13:54:00.865803
qwen2.5-3b,T5,42,1000,10,1.0,0.0,0.0,0.02,2.0,0.0,0.1990970608513336,0.0,0.0,0.0,6226.175083,6581.2275,6694.541,120.809,120809,False,/home/maloney/Documents/GitHub/agentops-fw/out/p2_training_20260124/qwen2.5-3b/T5/seed_42,2026-01-25T13:53:46.650258
qwen2.5-3b,T5,456,1000,2,0.2,0.0,0.0,0.004,2.0,0.0,0.08939794176597128,0.0,0.0,0.0,6048.888658,6607.8215,6735.358,116.795,116795,False,/home/maloney/Documents/GitHub/agentops-fw/out/p2_training_20260124/qwen2.5-3b/T5/seed_456,2026-01-25T13:54:14.635416
qwen3-4b,Mixed,123,1000,837,83.7,88.0,87.0,1.674,2.0,0.0,0.7391009878699055,1.6,2.0,0.3999999999999999,6648.846512,6819.38,6951.678,124.486,124486,True,/home/maloney/Documents/GitHub/agentops-fw/out/p2_training_20260124/qwen3-4b/Mixed/seed_123,2026-01-26T08:35:37.559013
qwen3-4b,Mixed,42,1000,847,84.7,90.0,88.0,1.694,2.0,0.0,0.7203352572815542,1.6,2.0,0.3999999999999999,6887.137921,6883.322,7004.812,127.939,127939,True,/home/maloney/Documents/GitHub/agentops-fw/out/p2_training_20260124/qwen3-4b/Mixed/seed_42,2026-01-26T08:34:29.036329
qwen3-4b,Mixed,456,1000,854,85.39999999999999,92.0,89.0,1.708,2.0,0.0,0.7065658038960244,1.4,2.0,0.6000000000000001,6851.158842,6842.370000000001,6969.364,128,128000,True,/home/maloney/Documents/GitHub/agentops-fw/out/p2_training_20260124/qwen3-4b/Mixed/seed_456,2026-01-26T08:36:46.569708
qwen3-4b,T1,123,1000,997,99.7,100.0,100.0,1.994,2.0,0.0,0.10943480239839598,2.0,2.0,0.0,5564.702462,5442.442,5809.291,128,128000,False,/home/maloney/Documents/GitHub/agentops-fw/out/p2_training_20260124/qwen3-4b/T1/seed_123,2026-01-25T15:38:19.365043
qwen3-4b,T1,42,1000,993,99.3,100.0,100.0,1.986,2.0,0.0,0.16682875001579264,2.0,2.0,0.0,5373.991754,5351.2495,5567.526,128,128000,False,/home/maloney/Documents/GitHub/agentops-fw/out/p2_training_20260124/qwen3-4b/T1/seed_42,2026-01-25T13:58:42.932866
qwen3-4b,T1,456,1000,994,99.4,100.0,100.0,1.988,2.0,0.0,0.15453116151728066,2.0,2.0,0.0,5801.353183,5802.202,5810.79,128,128000,False,/home/maloney/Documents/GitHub/agentops-fw/out/p2_training_20260124/qwen3-4b/T1/seed_456,2026-01-25T17:17:49.078588
qwen3-4b,T2,123,1000,992,99.2,100.0,100.0,1.984,2.0,0.0,0.17825761070926474,1.2,2.0,0.8,5790.460942,5791.6725,5799.622,128,128000,True,/home/maloney/Documents/GitHub/agentops-fw/out/p2_training_20260124/qwen3-4b/T2/seed_123,2026-01-25T20:36:36.404292
qwen3-4b,T2,42,1000,988,98.8,96.0,98.0,1.976,2.0,0.0,0.21787948841382815,0.8,1.8,1.0,5795.81599,5797.075,5803.13,128,128000,True,/home/maloney/Documents/GitHub/agentops-fw/out/p2_training_20260124/qwen3-4b/T2/seed_42,2026-01-25T18:57:15.007600
qwen3-4b,T2,456,1000,991,99.1,100.0,100.0,1.982,2.0,0.0,0.18897542621121857,1.0,2.0,1.0,5792.467286,5792.967000000001,5801.842,128,128000,True,/home/maloney/Documents/GitHub/agentops-fw/out/p2_training_20260124/qwen3-4b/T2/seed_456,2026-01-25T22:16:01.495991
qwen3-4b,T3,123,1000,988,98.8,100.0,100.0,1.976,2.0,0.0,0.21787948841382815,1.2,2.0,0.8,5792.557379,5793.871499999999,5802.278,127.986,127986,True,/home/maloney/Documents/GitHub/agentops-fw/out/p2_training_20260124/qwen3-4b/T3/seed_123,2026-01-26T01:34:53.983907
qwen3-4b,T3,42,1000,983,98.3,100.0,100.0,1.966,2.0,0.0,0.2586714342769818,1.2,2.0,0.8,5792.827157,5793.773,5803.632,127.987,127987,True,/home/maloney/Documents/GitHub/agentops-fw/out/p2_training_20260124/qwen3-4b/T3/seed_42,2026-01-25T23:55:24.463376
qwen3-4b,T3,456,1000,984,98.4,100.0,100.0,1.968,2.0,0.0,0.2510757635436743,1.0,2.0,1.0,5799.3121439999995,5800.5650000000005,5806.186,127.99,127990,True,/home/maloney/Documents/GitHub/agentops-fw/out/p2_training_20260124/qwen3-4b/T3/seed_456,2026-01-26T03:14:20.706945
qwen3-4b,T4,123,406,405,99.75369458128078,100.0,99.0,1.9950738916256157,2.0,0.0,0.09925833339709303,2.0,2.0,0.0,5805.640036945812,5807.4,5832.264,127.96305418719211,51953,False,/home/maloney/Documents/GitHub/agentops-fw/out/p2_training_20260124/qwen3-4b/T4/seed_123,2026-01-26T06:25:08.361249
qwen3-4b,T4,42,406,406,100.0,100.0,100.0,2.0,2.0,2.0,0.0,2.0,2.0,0.0,5815.498453201971,5817.021500000001,5832.461,128,51968,False,/home/maloney/Documents/GitHub/agentops-fw/out/p2_training_20260124/qwen3-4b/T4/seed_42,2026-01-26T04:51:55.262431
qwen3-4b,T4,456,1000,996,99.6,100.0,100.0,1.992,2.0,0.0,0.12630103701851364,2.0,2.0,0.0,2047.6029350000001,1659.3674999999998,5814.261,44.898,44898,False,/home/maloney/Documents/GitHub/agentops-fw/out/p2_training_20260124/qwen3-4b/T4/seed_456,2026-01-26T07:58:51.362793
qwen3-4b,T5,123,1000,376,37.6,48.0,44.0,0.752,2.0,0.0,0.9692447758102364,0.4,0.6,0.19999999999999996,6787.358952,6778.454,6897.657,128,128000,True,/home/maloney/Documents/GitHub/agentops-fw/out/p2_training_20260124/qwen3-4b/T5/seed_123,2026-01-26T08:33:52.044877
qwen3-4b,T5,42,1000,372,37.2,50.0,44.0,0.744,2.0,0.0,0.9671604827531982,0.4,0.8,0.4,6816.698557,6808.7080000000005,6929.827,128,128000,True,/home/maloney/Documents/GitHub/agentops-fw/out/p2_training_20260124/qwen3-4b/T5/seed_42,2026-01-26T08:33:33.499485
qwen3-4b,T5,456,1000,372,37.2,50.0,45.0,0.744,2.0,0.0,0.9671604827531982,0.4,0.8,0.4,6866.05634,6858.101000000001,6973.981,128,128000,True,/home/maloney/Documents/GitHub/agentops-fw/out/p2_training_20260124/qwen3-4b/T5/seed_456,2026-01-26T08:34:10.444870
yi-1.5-6b,Mixed,123,1000,328,32.800000000000004,0.0,0.0,0.656,2.0,0.0,0.9394394853030963,1.6,0.0,-1.6,3235.651868,3222.797,3310.76,128,128000,False,/home/maloney/Documents/GitHub/agentops-fw/out/p2_training_20260124/yi-1.5-6b/Mixed/seed_123,2026-01-27T02:00:56.062553
yi-1.5-6b,Mixed,42,1000,282,28.199999999999996,0.0,0.0,0.564,2.0,0.0,0.9003969761803483,1.6,0.0,-1.6,3224.565794,3211.1369999999997,3295.87,127.992,127992,False,/home/maloney/Documents/GitHub/agentops-fw/out/p2_training_20260124/yi-1.5-6b/Mixed/seed_42,2026-01-27T01:04:59.638924
yi-1.5-6b,Mixed,456,1000,296,29.599999999999998,0.0,0.0,0.592,2.0,0.0,0.9134387611495203,1.4,0.0,-1.4,3225.652587,3213.3285,3296.026,128,128000,False,/home/maloney/Documents/GitHub/agentops-fw/out/p2_training_20260124/yi-1.5-6b/Mixed/seed_456,2026-01-27T02:57:06.380133
yi-1.5-6b,T1,123,1000,953,95.3,96.0,98.0,1.906,2.0,0.0,0.42348948433620326,1.8,2.0,0.19999999999999996,5030.296892,5027.1595,5097.745,128,128000,True,/home/maloney/Documents/GitHub/agentops-fw/out/p2_training_20260124/yi-1.5-6b/T1/seed_123,2026-01-26T10:04:32.493161
yi-1.5-6b,T1,42,1000,955,95.5,98.0,99.0,1.91,2.0,0.0,0.41481570856474576,1.8,2.0,0.19999999999999996,5023.308649,5024.982,5093.271,128,128000,True,/home/maloney/Documents/GitHub/agentops-fw/out/p2_training_20260124/yi-1.5-6b/T1/seed_42,2026-01-26T08:37:54.733770
yi-1.5-6b,T1,456,1000,943,94.3,100.0,100.0,1.886,2.0,0.0,0.4639172547116772,1.8,2.0,0.19999999999999996,5187.830305,5240.996,5259.974,128,128000,True,/home/maloney/Documents/GitHub/agentops-fw/out/p2_training_20260124/yi-1.5-6b/T1/seed_456,2026-01-26T11:31:15.260690
yi-1.5-6b,T2,123,1000,897,89.7,100.0,100.0,1.794,2.0,0.0,0.608221944633646,0.6,2.0,1.4,4203.421632,3710.2155000000002,5314.235,128,128000,True,/home/maloney/Documents/GitHub/agentops-fw/out/p2_training_20260124/yi-1.5-6b/T2/seed_123,2026-01-26T14:31:02.352395
yi-1.5-6b,T2,42,1000,889,88.9,100.0,100.0,1.778,2.0,0.0,0.6285786435372356,0.2,2.0,1.8,5245.680662,5268.8685000000005,5362.589,128,128000,True,/home/maloney/Documents/GitHub/agentops-fw/out/p2_training_20260124/yi-1.5-6b/T2/seed_42,2026-01-26T13:00:52.570517
yi-1.5-6b,T2,456,1000,840,84.0,96.0,95.0,1.68,2.0,0.0,0.733578992432402,0.8,2.0,1.2,3215.235012,3206.673,3283.426,128,128000,True,/home/maloney/Documents/GitHub/agentops-fw/out/p2_training_20260124/yi-1.5-6b/T2/seed_456,2026-01-26T15:43:20.422673
yi-1.5-6b,T3,123,1000,2,0.2,0.0,0.0,0.004,2.0,0.0,0.08939794176597128,0.0,0.0,0.0,3195.771013,3186.5525,3259.067,128,128000,False,/home/maloney/Documents/GitHub/agentops-fw/out/p2_training_20260124/yi-1.5-6b/T3/seed_123,2026-01-26T17:33:33.512008
yi-1.5-6b,T3,42,1000,2,0.2,0.0,0.0,0.004,2.0,0.0,0.08939794176597128,0.2,0.0,-0.2,3185.170411,3215.6175000000003,3295.144,126.275,126275,False,/home/maloney/Documents/GitHub/agentops-fw/out/p2_training_20260124/yi-1.5-6b/T3/seed_42,2026-01-26T16:38:41.734329
yi-1.5-6b,T3,456,1000,2,0.2,0.0,0.0,0.004,2.0,0.0,0.08939794176597128,0.0,0.0,0.0,3194.017049,3185.4925000000003,3259.273,127.997,127997,False,/home/maloney/Documents/GitHub/agentops-fw/out/p2_training_20260124/yi-1.5-6b/T3/seed_456,2026-01-26T18:28:32.950648
yi-1.5-6b,T4,123,1000,977,97.7,100.0,98.0,1.954,2.0,0.0,0.29995662015360486,2.0,2.0,0.0,3230.684745,3220.136,3293.72,127.99,127990,False,/home/maloney/Documents/GitHub/agentops-fw/out/p2_training_20260124/yi-1.5-6b/T4/seed_123,2026-01-26T20:19:06.967503
yi-1.5-6b,T4,42,1000,963,96.3,100.0,96.0,1.926,2.0,0.0,0.3777124126457412,1.8,2.0,0.19999999999999996,3229.146949,3218.075,3295.512,128,128000,True,/home/maloney/Documents/GitHub/agentops-fw/out/p2_training_20260124/yi-1.5-6b/T4/seed_42,2026-01-26T19:23:30.774773
yi-1.5-6b,T4,456,1000,953,95.3,98.0,96.0,1.906,2.0,0.0,0.42348948433620326,1.8,2.0,0.19999999999999996,3226.727155,3215.976,3291.419,128,128000,True,/home/maloney/Documents/GitHub/agentops-fw/out/p2_training_20260124/yi-1.5-6b/T4/seed_456,2026-01-26T21:14:47.459946
yi-1.5-6b,T5,123,1000,2,0.2,0.0,0.0,0.004,2.0,0.0,0.08939794176597128,0.0,0.0,0.0,3262.144288,3259.1904999999997,3335.326,128,128000,False,/home/maloney/Documents/GitHub/agentops-fw/out/p2_training_20260124/yi-1.5-6b/T5/seed_123,2026-01-26T23:08:25.891584
yi-1.5-6b,T5,42,1000,4,0.4,0.0,0.0,0.008,2.0,0.0,0.12630103701851364,0.0,0.0,0.0,3246.859727,3243.695,3321.016,128,128000,False,/home/maloney/Documents/GitHub/agentops-fw/out/p2_training_20260124/yi-1.5-6b/T5/seed_42,2026-01-26T22:10:21.209532
yi-1.5-6b,T5,456,1000,3,0.3,0.0,0.0,0.006,2.0,0.0,0.10943480239839598,0.0,0.0,0.0,3259.313838,3257.6925,3334.893,128,128000,False,/home/maloney/Documents/GitHub/agentops-fw/out/p2_training_20260124/yi-1.5-6b/T5/seed_456,2026-01-27T00:06:43.892236
